Iteration,orbitalEnergies,exchangePotential,correlationPotential,bandEnergy,exchangeEnergy,correlationEnergy,totalEnergy
1,"[-19.91545266 -11.01820713  -2.06671837  -1.51632308  -1.4446209
  -1.44461157  -1.35462464  -1.35462464  -1.19503191  -1.04239432]",-15.8104832423,-1.04273479904,-63.5211166831,-11.8578624317,-0.934048874055,-111.75296516
1,"[-26.47752632 -26.45371893 -26.29544067  -9.52127962  -5.09682223
  -4.67485185  -4.67485185  -1.22416306  -1.01269384  -1.        ]",-16.2382930063,-1.08836364752,-192.388982962,-12.1787197547,-0.976595687773,-247.033220477
2,"[-26.62025268 -26.1308263  -25.20193688 -14.40400676  -9.10088617
  -4.67485185  -4.67485185  -1.22416306  -1.          -1.        ]",-16.6865884725,-1.0955647072,-207.615224995,-12.5149413544,-0.983449890354,-263.186637921
1,"[-19.91545266 -11.01820713  -2.06671837  -1.51632308  -1.4446209
  -1.44461157  -1.35462464  -1.35462464  -1.19503191  -1.04239432]",-15.8104832423,-1.04273479904,-63.5211166831,-11.8578624317,-0.934048874055,-111.75296516
2,"[-19.91533787 -11.01778812  -2.17084775  -1.48977156  -1.48975271
  -1.45894898  -1.35462464  -1.35462464  -1.15038527  -1.07318683]",-15.8108646556,-1.04274815333,-63.7941432555,-11.8581484917,-0.934061444504,-112.027795499
3,"[-19.91526385 -11.01753404  -2.18796981  -1.50918914  -1.50916197
  -1.47481005  -1.35462464  -1.35462464  -1.13082523  -1.1134536 ]",-15.8110954624,-1.04275650026,-63.9371070027,-11.8583215968,-0.934069293853,-112.172036682
4,"[-19.91518781 -11.01736835  -2.19034171  -1.51695716  -1.51692411
  -1.5007714   -1.35462464  -1.35462464  -1.14697989  -1.122611  ]",-15.8112364503,-1.04276200738,-64.0243503859,-11.8584273377,-0.934074471511,-112.260298291
1,"[-19.91426165 -11.01833258  -2.06646468  -1.51628676  -1.39381571
  -1.44392737  -1.44392737  -1.1120984   -1.10534016  -1.        ]",-15.8115963514,-1.04277764884,-63.5940322598,-11.8586972636,-0.934089039457,-111.831562194
2,"[-19.91389883 -11.01857735  -2.17042167  -1.45920462  -1.50351749
  -1.48906262  -1.48906262  -1.1120984   -1.10534016  -1.        ]",-15.8116148344,-1.04277879632,-64.0874904091,-11.8587111258,-0.934090021115,-112.325930939
3,"[-19.91387389 -11.01861346  -2.18761271  -1.47494054  -1.51442813
  -1.50863307  -1.50863307  -1.1120984   -1.10534016  -1.        ]",-15.8115436224,-1.04277578668,-64.2534697685,-11.8586577168,-0.934087173525,-112.491907298
4,"[-19.91401156 -11.01853923  -2.19011286  -1.50063321  -1.49779207
  -1.51656711  -1.51656711  -1.1120984   -1.10534016  -1.        ]",-15.8114392728,-1.04277222067,-64.3084462929,-11.8585794546,-0.934083844379,-112.546497816
1,[-18.80410451  -0.86395728  -0.3387794   -0.3387794   -0.3387794 ],-9.62559889319,-0.607237508893,-40.6912411777,-7.21919916989,-0.544546412189,-74.5141291286
2,[-18.80423894  -0.86414569  -0.24883217  -0.24883217  -0.24883217],-9.6254857,-0.607233094263,-40.3320979152,-7.219114275,-0.544542269083,-74.1543475
1,[-18.77003903  -0.87402556  -0.34023327  -0.34023327  -0.34023327],-9.6258535051,-0.607244935819,-40.6490622572,-7.21939012882,-0.544553309594,-74.4700426837
2,[-18.77003753  -0.87402422  -0.34023328  -0.34023328  -0.34023328],-9.6258526362,-0.607244920352,-40.6490565988,-7.21938947715,-0.544553295031,-74.4700334534
3,[-18.77003762  -0.87402423  -0.3402333   -0.3402333   -0.3402333 ],-9.62585256185,-0.607244918401,-40.6490568745,-7.21938942139,-0.544553293195,-74.4700333888
1,"[-19.88335628 -11.00803928  -2.06585048  -1.51586611  -1.39371785
  -1.44446616  -1.44446616  -1.11287291  -1.10510638  -1.        ]",-15.8118846367,-1.04278745899,-63.511524652,-11.8589134775,-0.934098179287,-111.744352961
2,"[-19.88305017 -11.0083134   -2.1698901   -1.45862969  -1.50383976
  -1.48955381  -1.48955381  -1.11287291  -1.10510638  -1.        ]",-15.8119080597,-1.04278881024,-64.0056614917,-11.8589310448,-0.934099350269,-112.239421281
3,"[-19.883022   -11.00835427  -2.18707185  -1.47431336  -1.51486571
  -1.50905853  -1.50905853  -1.11287291  -1.10510638  -1.        ]",-15.8118388816,-1.0427858964,-64.1714884879,-11.8588791612,-0.934096588643,-112.405255993
1,"[-19.87918345 -11.00638193  -2.06490262  -1.51558275  -1.39324314
  -1.44394299  -1.44394299  -1.11184137  -1.10555748  -1.        ]",-15.8118322226,-1.04278701306,-63.4943597779,-11.858874167,-0.934097610248,-111.739205212
2,"[-19.87887788 -11.00664973  -2.16882812  -1.45837312  -1.50335783
  -1.48907144  -1.48907144  -1.11184137  -1.10555748  -1.        ]",-15.8118563961,-1.04278840078,-63.988459102,-11.8588922971,-0.934098823739,-112.234252905
3,"[-19.87884587 -11.00668544  -2.18601243  -1.47398003  -1.51443441
  -1.50845316  -1.50845316  -1.11184137  -1.10555748  -1.        ]",-15.8117939874,-1.04278562483,-64.1537289873,-11.8588454905,-0.934096199135,-112.399554031
4,"[-19.87897329 -11.0065509   -2.18851034  -1.49960485  -1.4978704
  -1.4043732   -1.4043732   -1.11184137  -1.10555748  -1.        ]",-15.8117568552,-1.04278262211,-63.7605123778,-11.8588176414,-0.934093426044,-112.006038894
5,"[-19.88321095 -11.00441901  -2.19061224  -1.52546606  -1.47521987  -1.          -1.
  -1.08659137  -1.12125292  -1.        ]",-15.8104098849,-1.04272967395,-62.5735448777,-11.8578074137,-0.934044000939,-110.80350734
1,"[-20.87878688 -12.00616943  -2.99410435  -2.57001756  -2.36711123
  -2.42492702  -2.42492702  -2.11184137  -2.10250839  -2.        ]",-15.8118242564,-1.04278392242,-63.332086959,-11.8588681923,-0.934094709367,-111.576514412
2,"[-20.87844865 -12.00638444  -3.13430784  -2.47604801  -2.49324271
  -2.47027936  -2.47027936  -2.11184137  -2.10250839  -2.        ]",-15.8119306255,-1.04279032407,-63.857980742,-11.8589479691,-0.934100651082,-112.103894544
3,"[-20.88390356 -12.00351018  -3.17781623  -2.45899302  -2.53024312  -2.          -2.
  -2.14781908  -2.14847658  -2.        ]",-15.8102040865,-1.0427230199,-62.7015235404,-11.8576530649,-0.934037764233,-110.928535254
1,"[-20.88949032 -12.00911719  -2.99504719  -2.57019816  -2.42580766
  -2.42579052  -2.35546377  -2.35546377  -2.21606639  -2.05642963]",-15.8114109248,-1.04276273467,-63.3418296172,-11.8585581936,-0.934074973982,-111.571026631
2,"[-20.88937665 -12.00897619  -3.13570108  -2.47588875  -2.4712153
  -2.47119312  -2.35546377  -2.35546377  -2.17298388  -2.07972575]",-15.8116000788,-1.04276968811,-63.615629719,-11.8587000591,-0.934081534071,-111.846286515
3,"[-20.89225792 -12.00655824  -3.17835932  -2.45928528  -2.14776211
  -2.14636578  -2.10934692  -2.10934692  -2.          -2.        ]",-15.8113851423,-1.04274964341,-61.8798711709,-11.8585388568,-0.934063013887,-110.102821194
1,"[-21.88913163 -13.00883168  -3.94205871  -3.60227412  -3.41293648
  -3.41291965  -3.35546377  -3.35546377  -3.22866484  -3.05859397]",-15.8113068302,-1.04275832164,-63.2472320979,-11.8584801227,-0.934070807468,-111.47570345
1,"[-21.88917292 -13.00882236  -3.94205947  -3.60227455  -3.41295117
  -3.41293377  -3.35546377  -3.35546377  -3.22984079  -3.09391159]",-15.8112825911,-1.0427577341,-63.2473560401,-11.8584619434,-0.934070269436,-111.475694049
2,"[-21.88903099 -13.00879611  -4.0935045   -3.50632697  -3.45394708
  -3.453927    -3.35546377  -3.35546377  -3.19040931  -3.09835978]",-15.8114341806,-1.04276289845,-63.5219928683,-11.8585756355,-0.93407515389,-111.751525818
1,"[-21.89086416 -13.00748171  -4.13430957  -3.4787466   -3.35546377
  -3.35546377  -3.18603796  -3.18600038  -3.01824229  -3.        ]",-15.8111453484,-1.04274578102,-62.8166986032,-11.8583590113,-0.934059312581,-111.04071534
1,"[-21.95717111 -13.03619233  -4.11472248  -3.44451599  -3.44068529
  -3.37418567  -3.35563778  -3.35563778  -3.20185229  -2.94669108]",-15.8115892701,-1.0427743258,-63.446221305,-11.8586919526,-0.934085933236,-111.676737651
2,"[-21.95567939 -13.036258    -4.16247153  -3.47838338  -3.45559106
  -3.43260919  -3.35563778  -3.35563778  -3.09874607  -2.86028316]",-15.8128232491,-1.04280297979,-63.7532606793,-11.8596174369,-0.934112973408,-111.989817096
3,"[-21.95164385 -13.03134957  -4.16384406  -3.48337677  -3.45899459
  -3.44413036  -3.35563778  -3.35563778  -2.98236286  -2.89144351]",-15.8217292021,-1.04294613215,-62.4658666414,-11.8662969016,-0.934249591113,-110.722289084
4,"[-21.90048974 -15.41597121  -6.43081561  -3.67733405  -2.96895156
  -2.85109178  -2.80631643  -2.46630192  -1.93418891  -0.96775843]",-15.8203344234,-1.04279978539,-81.9856210884,-11.8652508176,-0.934114252107,-130.216278742
1,"[-18.96322897 -10.04230306  -1.18664112  -0.51905714  -0.50907358
  -0.50907358  -0.43427789  -0.35563778  -0.35563778  -0.09421258]",-15.8116843418,-1.04277956168,-64.3273106939,-11.8587632563,-0.934090680919,-112.559981387
2,"[-18.96322436 -10.04237184  -1.18797688  -0.60361017  -0.51722503
  -0.51722503  -0.39713873  -0.35563778  -0.35563778  -0.09421258]",-15.8115683983,-1.04277449067,-64.4575440984,-11.8586762987,-0.934085930508,-112.689889218
3,"[-18.96335049 -10.0423466   -1.18810325  -0.60702704  -0.51769368
  -0.51769368  -0.39532611  -0.35563778  -0.35563778  -0.09421258]",-15.8114785569,-1.04277131771,-64.4630816984,-11.8586089177,-0.934082966151,-112.694909294
4,"[-18.96340323 -10.04232968  -1.18813116  -0.60721985  -0.51771779
  -0.51771779  -0.39519396  -0.35563778  -0.35563778  -0.09421258]",-15.8114472569,-1.04277029183,-64.4634269277,-11.8585854427,-0.934082008039,-112.695066709
5,"[-18.96341885 -10.04232399  -1.18813787  -0.60723939  -0.51771754
  -0.51771754  -0.39517773  -0.35563778  -0.35563778  -0.09421258]",-15.8114385248,-1.042770013,-64.463465814,-11.8585788936,-0.934081747741,-112.695052652
6,"[-18.96342311 -10.04232238  -1.18813951  -0.60724272  -0.51771702
  -0.51771702  -0.39517447  -0.35563778  -0.35563778  -0.09421258]",-15.8114361991,-1.04276993947,-64.4634724461,-11.8585771493,-0.934081679113,-112.695045134
7,"[-18.96342424 -10.04232194  -1.18813991  -0.60724348  -0.51771686
  -0.51771686  -0.39517367  -0.35563778  -0.35563778  -0.09421258]",-15.8114355876,-1.04276992022,-64.4634739115,-11.8585766907,-0.934081661142,-112.695042875
8,"[-18.96342453 -10.04232182  -1.18814001  -0.60724367  -0.51771682
  -0.51771682  -0.39517347  -0.35563778  -0.35563778  -0.09421258]",-15.8114354272,-1.04276991518,-64.4634742726,-11.8585765704,-0.934081656439,-112.695042259
1,[-5.85912411 -2.20585467],-3.05381112973,-0.252202663737,-8.12995755663,-2.2903583473,-0.223430485093,-14.4461458914
2,[-5.85471597 -2.20731997],-3.05381018597,-0.252202556071,-8.12407187708,-2.29035763948,-0.223430386895,-14.4402554364
3,[-5.84920781 -2.20469074],-3.05380962938,-0.252202516573,-8.10779709631,-2.29035722203,-0.223430350931,-14.423978879
4,[-5.84302114 -2.20942357],-3.05380845827,-0.252202486468,-8.10488942207,-2.2903563437,-0.223430323003,-14.4210692999
5,[-5.83649556 -2.20072254],-3.05380627455,-0.252202434446,-8.0744362124,-2.29035470591,-0.223430274121,-14.3906123085
6,[-5.8298975  -2.21638247],-3.05380382975,-0.252202391679,-8.09255993766,-2.29035287232,-0.223430233549,-14.4087325545
7,[-5.82342928 -2.18782578],-3.05380020141,-0.252202300193,-8.0225101365,-2.29035015106,-0.223430147232,-14.3386759224
8,[-5.81723945 -2.23971543],-3.05379755992,-0.252202271467,-8.11390975252,-2.29034816994,-0.2234301196,-14.4300726109
9,[-5.85319206 -2.1883471 ],-3.05379241062,-0.252202109456,-8.08307831727,-2.29034430796,-0.223429967151,-14.3992296199
1,"[-18.88343707 -10.00880645  -1.18597465  -0.61217758  -0.52084718
  -0.52084718  -0.39594356  -0.16812362  -0.16812362  -0.        ]",-15.8117245151,-1.04278046289,-64.2560673587,-11.8587933863,-0.93409148711,-112.489568335
2,"[-18.88361772 -10.00871898  -1.1879799   -0.61140941  -0.52206304
  -0.52206304  -0.39645677  -0.16812362  -0.16812362  -0.        ]",-15.8116327629,-1.04277792937,-64.2646177308,-11.8587245722,-0.93408912354,-112.497614239
3,"[-18.88373969 -10.0086558   -1.18906843  -0.61100214  -0.52273862
  -0.52273862  -0.39655536  -0.16812362  -0.16812362  -0.        ]",-15.8115734011,-1.04277628912,-64.2689973353,-11.8586800509,-0.934087593872,-112.501668281
4,"[-18.88377395 -10.00863827  -1.18941772  -0.61088547  -0.52296408
  -0.52296408  -0.39660531  -0.16812362  -0.16812362  -0.        ]",-15.8115528192,-1.0427757613,-64.2704977794,-11.8586646144,-0.934087103459,-112.503054476
5,"[-18.88381016 -10.0086186   -1.18967023  -0.61082137  -0.5231301
  -0.5231301   -0.39653737  -0.16812362  -0.16812362  -0.        ]",-15.8115345479,-1.04277524897,-64.2714358692,-11.8586509109,-0.934086626092,-112.503891212
6,"[-18.88384091 -10.00860214  -1.18985462  -0.61078842  -0.52325434
  -0.52325434  -0.39648961  -0.16812362  -0.16812362  -0.        ]",-15.8115188068,-1.04277479241,-64.2721687872,-11.8586391051,-0.934086199873,-112.504536874
7,"[-18.88386699 -10.00858826  -1.1899896   -0.61077534  -0.52334769
  -0.52334769  -0.39643847  -0.16812362  -0.16812362  -0.        ]",-15.8115054747,-1.04277440153,-64.2727080963,-11.8586291061,-0.934085834912,-112.50500236
8,"[-18.88388903 -10.00857655  -1.19008859  -0.61077499  -0.52341805
  -0.52341805  -0.39639175  -0.16812362  -0.16812362  -0.        ]",-15.8114942049,-1.04277406909,-64.2731140255,-11.8586206537,-0.934085524554,-112.505345941
9,"[-18.88390765 -10.00856666  -1.19016129  -0.61078248  -0.52347121
  -0.52347121  -0.39634966  -0.16812362  -0.16812362  -0.        ]",-15.8114846774,-1.04277378668,-64.2734203107,-11.858613508,-0.934085260899,-112.505599573
10,"[-18.88392338 -10.0085583   -1.19021475  -0.6107944   -0.52351149
  -0.52351149  -0.3963128   -0.16812362  -0.16812362  -0.        ]",-15.8114766124,-1.04277354581,-64.2736531819,-11.8586074593,-0.93408503584,-112.50578793
11,"[-18.88393667 -10.00855123  -1.19025411  -0.61080844  -0.52354208
  -0.52354208  -0.39628102  -0.16812362  -0.16812362  -0.        ]",-15.8114697758,-1.04277334171,-64.2738312484,-11.8586023319,-0.934084845289,-112.505928322
12,"[-18.88394791 -10.00854525  -1.19028315  -0.61082307  -0.52356538
  -0.52356538  -0.39625394  -0.16812362  -0.16812362  -0.        ]",-15.8114639728,-1.04277316781,-64.273968141,-11.8585979796,-0.934084682911,-112.506033296
13,"[-18.88395743 -10.00854018  -1.19030461  -0.61083732  -0.52358318
  -0.52358318  -0.39623104  -0.16812362  -0.16812362  -0.        ]",-15.8114590411,-1.0427730196,-64.274073866,-11.8585942808,-0.934084544531,-112.506111954
14,"[-18.8839655  -10.00853589  -1.1903205   -0.61085062  -0.52359682
  -0.52359682  -0.39621179  -0.16812362  -0.16812362  -0.        ]",-15.8114548456,-1.04277289318,-64.2741558468,-11.8585911342,-0.934084426515,-112.506170964
15,"[-18.88397234 -10.00853224  -1.1903323   -0.61086267  -0.5236073
  -0.5236073   -0.39619567  -0.16812362  -0.16812362  -0.        ]",-15.811451273,-1.04277278522,-64.2742196339,-11.8585884547,-0.934084325737,-112.506215243
16,"[-18.88397815 -10.00852914  -1.19034109  -0.61087336  -0.52361539
  -0.52361539  -0.39618219  -0.16812362  -0.16812362  -0.        ]",-15.8114482283,-1.04277269295,-64.2742694107,-11.8585861712,-0.934084239612,-112.506248442
17,"[-18.88398308 -10.00852651  -1.19034766  -0.61088268  -0.52362165
  -0.52362165  -0.39617095  -0.16812362  -0.16812362  -0.        ]",-15.8114456316,-1.04277261404,-64.2743083514,-11.8585842237,-0.934084165961,-112.506273287
18,"[-18.88398728 -10.00852427  -1.19035259  -0.61089072  -0.52362651
  -0.52362651  -0.39616156  -0.16812362  -0.16812362  -0.        ]",-15.8114434155,-1.04277254647,-64.2743388795,-11.8585825617,-0.934084102878,-112.506291824
19,"[-18.88399085 -10.00852236  -1.1903563   -0.61089757  -0.5236303
  -0.5236303   -0.39615373  -0.16812362  -0.16812362  -0.        ]",-15.8114415231,-1.04277248856,-64.274362855,-11.8585811423,-0.9340840488,-112.506305593
20,"[-18.88399389 -10.00852073  -1.19035912  -0.61090337  -0.52363328
  -0.52363328  -0.39614719  -0.16812362  -0.16812362  -0.        ]",-15.8114399062,-1.04277243815,-64.2743817117,-11.8585799297,-0.934084001552,-112.506315759
21,"[-18.88399648 -10.00851934  -1.19036125  -0.61090825  -0.52363562
  -0.52363562  -0.39614171  -0.16812362  -0.16812362  -0.        ]",-15.8114385239,-1.04277239571,-64.2743965619,-11.858578893,-0.934083961931,-112.506323206
22,"[-18.88399869 -10.00851815  -1.19036289  -0.61091234  -0.52363747
  -0.52363747  -0.39613713  -0.16812362  -0.16812362  -0.        ]",-15.8114373417,-1.04277235932,-64.2744082676,-11.8585780063,-0.934083927957,-112.506328602
23,"[-18.88400058 -10.00851714  -1.19036415  -0.61091574  -0.52363893
  -0.52363893  -0.39613327  -0.16812362  -0.16812362  -0.        ]",-15.8114363302,-1.04277232811,-64.2744175015,-11.8585772476,-0.934083898815,-112.506332457
24,"[-18.88400218 -10.00851627  -1.19036513  -0.61091857  -0.52364011
  -0.52364011  -0.39613003  -0.16812362  -0.16812362  -0.        ]",-15.8114354643,-1.04277230132,-64.2744247893,-11.8585765982,-0.934083873806,-112.506335157
25,"[-18.88400356 -10.00851553  -1.19036589  -0.61092092  -0.52364104
  -0.52364104  -0.39612729  -0.16812362  -0.16812362  -0.        ]",-15.8114347229,-1.04277227832,-64.2744305427,-11.8585760421,-0.934083852338,-112.506336997
26,"[-18.88400473 -10.0085149   -1.19036648  -0.61092286  -0.5236418
  -0.5236418   -0.39612497  -0.16812362  -0.16812362  -0.        ]",-15.8114340877,-1.04277225846,-64.2744350849,-11.8585755658,-0.934083833775,-112.5063382
27,"[-18.88400573 -10.00851435  -1.19036695  -0.61092447  -0.52364241
  -0.52364241  -0.39612301  -0.16812362  -0.16812362  -0.        ]",-15.8114335435,-1.0427722415,-64.2744386704,-11.8585751576,-0.934083817939,-112.506338934
1,"[-19.86555236 -11.02439844  -2.17597522  -1.61985972  -1.52658586
  -1.52658586  -1.39185914  -1.27829709  -1.27829709  -1.22974298]",-15.8119641447,-1.04278436371,-64.2616332185,-11.8589731085,-0.934095049535,-112.496500217
1,"[-19.86507458 -11.02454952  -2.17571035  -1.62058469  -1.5263089
  -1.5263089   -1.15071736  -1.15071736  -1.15071736  -1.15071736]",-15.8121287066,-1.04278863178,-63.778508576,-11.85909653,-0.934099149137,-112.015402985
1,"[-19.88241198 -11.0364999   -2.17762605  -1.62231145  -1.52721038
  -1.52721038  -1.15129942  -1.15129942  -0.49687328  -0.10690111]",-15.812420257,-1.04279290678,-63.8491391111,-11.8593151928,-0.934103163174,-112.074491877
2,[ nan  nan  nan  nan  nan  nan  nan  nan  nan  nan],nan,nan,nan,nan,nan,nan
1,"[-19.87996208 -11.03574285  -2.1769747   -1.62166004  -1.52659261
  -1.52659261  -1.27876456  -1.27876456  -0.7699858   -0.04982738]",-15.8154026226,-1.04285701055,-64.0925788992,-11.8615519669,-0.93416386745,-112.328679558
1,"[-19.91591965 -11.01792499  -1.78360008  -1.47982253  -1.47960524
  -1.47960524  -1.46193863  -1.34136026  -1.27876456  -1.27876456]",-15.811541584,-1.04276384001,-63.2368327344,-11.858656188,-0.934075906919,-111.45361646
2,"[-19.91507512 -11.01774899  -1.9653232   -1.48986121  -1.48218695
  -1.47982253  -1.40866934  -1.33724316  -1.27876456  -1.27876456]",-15.811656017,-1.04277134405,-63.5173746728,-11.8587420128,-0.934082966806,-111.735557751
3,"[-19.91479262 -11.01764821  -2.06278635  -1.49720709  -1.490889
  -1.47982253  -1.38197853  -1.33153881  -1.27876456  -1.27876456]",-15.811744076,-1.04277601712,-63.6902486721,-11.858808057,-0.934087345352,-111.909578083
1,"[-20.69617038 -11.91263363  -3.07528028  -2.51641513  -2.47766506
  -2.47762937  -2.42340319  -2.34484853  -2.27459361  -2.27459361]",-15.8163496627,-1.04294524616,-63.15839409,-11.862262247,-0.934247145559,-111.387488365
2,"[-20.69467345 -11.91331332  -3.15732927  -2.54111366  -2.49277745
  -2.48968116  -2.37434563  -2.359498    -2.27459361  -2.27459361]",-15.8167837225,-1.0429682761,-63.3264678721,-11.8625877919,-0.934268511102,-111.561388726
3,"[ -2.06761869e+01  -1.18959043e+01  -3.16607881e+00  -2.55458392e+00
  -4.03024422e-01  -2.73782624e-01  -1.91070303e-01   1.66170112e-02
   8.89119006e-01   1.11936811e+00]",-15.8526346509,-1.04345086979,-50.3212626122,-11.8894759882,-0.934731606301,-98.6365460541
1,"[-20.92312756 -12.02256178  -3.09526494  -2.53260073  -2.50180652
  -2.50180652  -2.35986855  -2.35969551  -2.27875116  -2.27875116]",-15.8113828718,-1.04275430472,-63.8739236474,-11.8585371538,-0.934067171833,-112.085655376
2,"[-20.92245975 -12.02275402  -2.77917701  -2.53575823  -2.51172489
  -2.51172489  -2.27875116  -2.27875116  -2.11172162   0.31026834]",-15.8117949063,-1.04276660595,-63.1246998955,-11.8588461798,-0.93407869255,-111.338818958
1,"[-19.30061977 -10.1654724   -1.18574537  -0.50561306  -0.40809757
  -0.39496071  -0.39496071]",-15.8101366219,-1.04266095716,-64.7109391753,-11.8576024664,-0.933981949703,-112.863830416
2,"[-19.29907232 -10.16428657  -1.19570318  -0.6026903   -0.46637515
  -0.46637515  -0.39338603]",-15.8122668196,-1.04273711,-65.1757773824,-11.8592001147,-0.934053713989,-113.340701012
3,"[-19.29573323 -10.16501629  -1.19517699  -0.60731748  -0.49155218
  -0.49155218  -0.39289331]",-15.8141973763,-1.04280405453,-65.2784833088,-11.8606480322,-0.934116498344,-113.457024061
4,"[-19.29360636 -10.16563301  -1.19450455  -0.60691919  -0.49460809
  -0.49460809  -0.39301089]",-15.8153585269,-1.0428438431,-65.285780337,-11.8615188952,-0.934153768534,-113.472392277
5,"[-19.2921534  -10.16616165  -1.19406819  -0.60664774  -0.49700297
  -0.49700297  -0.39311252]",-15.8160932534,-1.04286859121,-65.292298876,-11.8620699401,-0.934176912657,-113.484022662
6,"[-19.29109117 -10.16661792  -1.19376353  -0.60643911  -0.49885114
  -0.49885114  -0.39320472]",-15.8165902983,-1.04288499338,-65.2976374817,-11.8624427237,-0.934192233878,-113.492836162
7,"[-19.29027115 -10.16701284  -1.19353634  -0.6062648   -0.50025931
  -0.50025931  -0.39328957]",-15.8169502253,-1.04289662933,-65.3017866434,-11.862712669,-0.934203089091,-113.499506551
8,"[-19.28961297 -10.16735489  -1.19335809  -0.60611263  -0.50132065
  -0.50132065  -0.39336763]",-15.8172263631,-1.04290538472,-65.3048950067,-11.8629197723,-0.93421124926,-113.504542969
9,"[-19.28907105 -10.16765098  -1.19321331  -0.6059775   -0.50211297
  -0.50211297  -0.39343899]",-15.8174474468,-1.04291229996,-65.307155534,-11.8630855851,-0.934217692557,-113.508335201
10,"[-19.2886178  -10.16790705  -1.19309309  -0.60585711  -0.50269926
  -0.50269926  -0.39350372]",-15.8176295415,-1.04291792233,-65.3087545673,-11.8632221561,-0.934222927709,-113.511182567
11,"[-19.28823514 -10.16812826  -1.19299194  -0.60575016  -0.50312939
  -0.50312939  -0.39356199]",-15.8177821683,-1.04292259752,-65.3098525367,-11.8633366262,-0.934227279795,-113.513314683
12,"[-19.28791034 -10.16831913  -1.19290618  -0.60565561  -0.5034422
  -0.5034422   -0.39361406]",-15.8179114122,-1.04292653954,-65.3105794442,-11.8634335592,-0.934230950492,-113.514907099
13,"[-19.28763378 -10.16848367  -1.19283317  -0.60557243  -0.50366752
  -0.50366752  -0.39366032]",-15.8180214901,-1.04292988417,-65.3110368322,-11.8635161176,-0.934234064528,-113.516093502
14,"[-19.28739785 -10.16862539  -1.19277084  -0.6054996   -0.50382809
  -0.50382809  -0.39370119]",-15.8181155434,-1.04293273051,-65.31130208,-11.8635866575,-0.934236712883,-113.51697532
15,"[-19.28719635 -10.16874739  -1.19271755  -0.60543606  -0.50394103
  -0.50394103  -0.39373713]",-15.8181960446,-1.04293516118,-65.3114330858,-11.8636470334,-0.934238974182,-113.517629237
16,"[-19.2870241  -10.16885235  -1.19267196  -0.60538079  -0.50401921
  -0.50401921  -0.39376862]",-15.818265013,-1.04293722776,-65.3114725099,-11.8636987597,-0.934240893483,-113.518113017
17,"[-19.28687677 -10.16894262  -1.19263293  -0.60533285  -0.5040722
  -0.5040722   -0.39379614]",-15.8183241342,-1.04293901166,-65.3114514142,-11.8637431006,-0.934242552749,-113.518470102
18,"[-19.28675069 -10.16902024  -1.19259949  -0.60529132  -0.50410708
  -0.50410708  -0.3938201 ]",-15.8183748331,-1.04294053267,-65.3113920464,-11.8637811248,-0.934243965555,-113.518732993
19,"[-19.28664274 -10.16908697  -1.19257084  -0.60525542  -0.50412909
  -0.50412909  -0.39384094]",-15.818418322,-1.04294183974,-65.3113101745,-11.8638137415,-0.934245180294,-113.518926023
20,"[-19.28655028 -10.16914434  -1.19254628  -0.6052244   -0.50414203
  -0.50414203  -0.39385902]",-15.8184556355,-1.04294296151,-65.311216757,-11.8638417266,-0.934246222562,-113.519067332
21,"[-19.28647104 -10.16919365  -1.19252522  -0.60519764  -0.5041487
  -0.5041487   -0.39387468]",-15.8184876583,-1.04294391987,-65.3111192556,-11.8638657437,-0.934247112121,-113.519170424
22,"[-19.2864031  -10.16923603  -1.19250715  -0.60517455  -0.50415112
  -0.50415112  -0.39388824]",-15.8185151469,-1.04294474192,-65.3110226189,-11.8638863601,-0.934247875191,-113.519245345
23,"[-19.28634484 -10.16927247  -1.19249165  -0.60515465  -0.50415071
  -0.50415071  -0.39389996]",-15.8185387486,-1.0429454473,-65.3109299903,-11.8639040615,-0.934248529989,-113.519299544
24,"[-19.28629486 -10.1693038   -1.19247834  -0.60513751  -0.50414852
  -0.50414852  -0.39391008]",-15.8185590178,-1.04294605669,-65.3108432461,-11.8639192633,-0.934249096425,-113.519338543
25,"[-19.28625196 -10.16933073  -1.19246692  -0.60512274  -0.50414526
  -0.50414526  -0.39391882]",-15.8185764285,-1.04294657733,-65.3107633689,-11.8639323214,-0.934249579578,-113.519366414
26,"[-19.28621513 -10.16935388  -1.1924571   -0.60511001  -0.50414144
  -0.50414144  -0.39392636]",-15.8185913871,-1.04294702409,-65.3106907488,-11.8639435403,-0.934249994077,-113.51938617
27,"[-19.2861835  -10.16937379  -1.19244868  -0.60509906  -0.5041374
  -0.5041374   -0.39393287]",-15.8186042413,-1.04294740788,-65.3106253743,-11.863953181,-0.934250350169,-113.519400031
28,"[-19.28615634 -10.16939091  -1.19244143  -0.60508962  -0.50413335
  -0.50413335  -0.39393847]",-15.8186152891,-1.04294773767,-65.3105669779,-11.8639614668,-0.934250656154,-113.519409626
29,"[-19.286133   -10.16940563  -1.19243521  -0.6050815   -0.50412946
  -0.50412946  -0.39394331]",-15.8186247859,-1.0429480211,-65.3105151379,-11.8639685894,-0.934250919136,-113.519416151
30,"[-19.28611295 -10.16941829  -1.19242986  -0.60507451  -0.50412579
  -0.50412579  -0.39394747]",-15.8186329507,-1.04294826474,-65.3104693493,-11.8639747131,-0.9342511452,-113.519420481
31,"[-19.28609571 -10.16942918  -1.19242527  -0.60506849  -0.50412241
  -0.50412241  -0.39395106]",-15.8186399713,-1.04294847421,-65.310429072,-11.8639799785,-0.934251339559,-113.519423252
32,"[-19.28608089 -10.16943855  -1.19242131  -0.60506331  -0.50411933
  -0.50411933  -0.39395415]",-15.8186460087,-1.04294865433,-65.3103937627,-11.8639845066,-0.934251506685,-113.51942493
33,"[-19.28606815 -10.16944661  -1.19241791  -0.60505885  -0.50411656
  -0.50411656  -0.39395681]",-15.8186512013,-1.04294880923,-65.3103628959,-11.8639884009,-0.934251650413,-113.519425848
1,"[-19.03184167 -10.07338444  -1.17971616  -0.50471877  -0.40985923
  -0.40045708  -0.40045708]",-15.8102138219,-1.04271391047,-64.0008688516,-11.8576603664,-0.934029396974,-112.204147608
2,"[-19.03152813 -10.07313345  -1.19079285  -0.60246142  -0.47273445
  -0.47273445  -0.39669408]",-15.8106230774,-1.0427298361,-64.4801576542,-11.857967308,-0.934044390202,-112.685923658
3,"[-19.03073138 -10.0733463   -1.19137203  -0.60855812  -0.50313989
  -0.50313989  -0.39615275]",-15.811045158,-1.04274500388,-64.6128806987,-11.8582838685,-0.934058601407,-112.821808265
4,"[-19.03024692 -10.07350064  -1.19124985  -0.60865069  -0.50600811
  -0.50600811  -0.39615118]",-15.8112981237,-1.04275392836,-64.623631008,-11.8584735928,-0.934066954213,-112.834380072
5,"[-19.02992917 -10.07362059  -1.19117498  -0.60871571  -0.50826035
  -0.50826035  -0.39614862]",-15.8114562532,-1.04275937976,-64.6322195431,-11.8585921899,-0.934072049733,-112.844087415
1,"[-19.02783199 -10.07418466  -1.17822955  -0.58768742  -0.50457382
  -0.50457382   0.66468495  -0.12879525  -0.47657454  -0.30282997]",-15.8124932303,-1.04278897552,-64.7073116061,-11.8593699227,-0.93409966624,-112.926920305
1,"[-20.02675747 -11.07228252  -2.14253841  -1.58533318  -1.49287085
  -1.49287085  -1.41425065  -1.13278331  -1.13278331  -0.78592551]",-15.8115847135,-1.04276113191,-64.4538078249,-11.8586885351,-0.934073497602,-112.667143132
1,"[-19.92306325 -11.02345852  -2.14890791  -1.59365979  -1.50709599
  -1.50709599  -1.42286739  -1.14436849  -1.14436849  -0.80041222]",-15.8115746798,-1.04276072356,-64.2522976686,-11.8586810098,-0.934073106506,-112.465608541
2,"[-19.92266672 -11.02341985  -2.18852     -1.60240781  -1.51815299
  -1.51815299  -1.40557665  -1.13769048  -1.13769048  -0.93033497]",-15.8119329474,-1.04277380798,-64.3577940123,-11.8589497106,-0.934085380806,-112.573157803
1,"[-19.88366406 -11.00855358  -2.14676278  -1.59262395  -1.50684651
  -1.50684651  -1.42242498  -1.14424782  -1.14424782  -0.79994109]",-15.81108822,-1.04275625691,-64.1354447349,-11.858316165,-0.934068773459,-112.365111834
2,"[-19.88329567 -11.00851815  -2.18640243  -1.60118339  -1.51790593
  -1.51790593  -1.40514784  -1.13757037  -1.13757037  -0.93023987]",-15.8114217705,-1.04276898288,-64.2407186903,-11.8585663279,-0.934080703276,-112.472375856
3,"[-19.8832391  -11.00842564  -2.18961506  -1.60462128  -1.5205804
  -1.5205804   -1.39958419  -1.12500637  -1.12500637  -0.55733463]",-15.8115313725,-1.04277351862,-64.2532921223,-11.8586485294,-0.934084972133,-112.485608456
4,"[-19.88332795 -11.00828551  -2.19001391  -1.29940922  -1.29940922
  -1.27937491  -1.01787038  -0.32005831  -1.          -1.        ]",-15.8115799782,-1.04277260667,-61.955382217,-11.8586849836,-0.93408416528,-110.187547117
5,"[-19.88340758 -11.0078447   -2.19073682  -0.56173314  -0.49508351
  -0.27268046  -0.27268046  -1.          -1.          -1.        ]",-15.8129434288,-1.04268098403,-59.2874444848,-11.8597075716,-0.934001473219,-107.510004981
6,"[-19.88171611 -11.00636318  -2.16620008  -0.33805079  -0.28146179  -1.          -1.
  -1.          -1.          -1.        ]",-15.8157252763,-1.04276110324,-60.1085587502,-11.8617939572,-0.934076448198,-108.342577607
7,"[-19.87906172 -11.0041602   -1.17380298  -0.48490941  -0.4804178   -1.          -1.
  -1.          -1.          -1.        ]",-15.8203709,-1.04287830197,-58.1140497957,-11.865278175,-0.934186979017,-106.363302002
8,"[-19.87881152 -11.00341357  -0.55955507  -0.37815621  -1.          -1.          -1.
  -1.          -1.          -1.        ]",-15.8222802276,-1.04289522669,-57.764450186,-11.8667101707,-0.934203418663,-106.012219721
9,"[-19.87710601 -11.00206209  -0.63555918  -0.30258969  -1.          -1.          -1.
  -1.          -1.          -1.        ]",-15.8255338136,-1.0429858611,-57.7583362089,-11.8691503602,-0.934288756649,-106.015643995
10,"[-19.8760355  -11.00128075  -0.62573626  -0.53374418  -1.          -1.          -1.
  -1.          -1.          -1.        ]",-15.8275398173,-1.04304656925,-57.754632492,-11.870654863,-0.934345880703,-106.017968912
11,"[-19.87555465 -11.00093415  -0.62747215  -0.26828312  -1.          -1.          -1.
  -1.          -1.          -1.        ]",-15.8285081955,-1.04307618922,-57.7529775987,-11.8713811466,-0.934373812119,-106.018875433
12,"[-19.87524257 -11.00071212  -0.6257163   -0.55095868  -1.          -1.          -1.
  -1.          -1.          -1.        ]",-15.8290930077,-1.04309627437,-57.751909386,-11.8718197558,-0.934392626936,-106.019624342
13,"[-19.87514396 -11.00064371  -0.62648378  -0.26893062  -1.          -1.          -1.
  -1.          -1.          -1.        ]",-15.8293177496,-1.04310324061,-57.7515753319,-11.8719883122,-0.934399213934,-106.019745172
14,"[-19.87502814 -11.00056302  -0.62465743  -0.55507828  -1.          -1.          -1.
  -1.          -1.          -1.        ]",-15.8295138432,-1.04311084272,-57.751182323,-11.8721353824,-0.934406281679,-106.02008778
15,"[-19.87502469 -11.00056296  -0.62513267  -0.26847971  -1.          -1.          -1.
  -1.          -1.          -1.        ]",-15.829545079,-1.0431113825,-57.7511752978,-11.8721588092,-0.934406829886,-106.020017461
1,"[-20.88329901 -12.00812464  -3.09323273  -2.58963955  -2.50144361
  -2.50144361  -2.40378076  -2.14849473  -2.14849473  -1.79849486]",-15.8110991338,-1.04275647557,-63.961927821,-11.8583243503,-0.934068975653,-112.191332092
2,"[-20.88292065 -12.00806768  -3.17739166  -2.51921169  -2.47478251
  -2.47478251  -2.39463856  -2.05783761  -2.05783761  -0.56581087]",-15.811471051,-1.0427706657,-63.8635905217,-11.8586032882,-0.934082289329,-112.095073801
1,"[-20.88329901 -12.00812464  -3.09323273  -2.58963955  -2.50144361
  -2.50144361  -2.40378076  -2.14849473  -2.14849473  -1.79849486]",-15.8110991338,-1.04275647557,-63.961927821,-11.8583243503,-0.934068975653,-112.191332092
2,"[-20.88292065 -12.00806768  -3.17739166  -2.51921169  -2.47478251
  -2.47478251  -2.39463856  -2.13823084  -2.13823084  -1.7246111 ]",-15.811471051,-1.0427706657,-63.8635905217,-11.8586032882,-0.934082289329,-112.095073801
3,"[-20.8843029  -12.00636323  -3.14591171  -2.13910607  -2.05791882
  -1.70960744  -2.          -2.          -2.          -2.        ]",-15.811606474,-1.04274490736,-60.4672054546,-11.8587048555,-0.934058555216,-108.694773653
